route_id,agency_id,route_short_name,route_long_name,route_type
FR:Line::03E81290-4977-4B5A-A051-E1633790D6F3:,1187,001G,Lille|Alpes,2
FR:Line::07bfc39f-4dfd-46ce-98c3-aad42dfa98bd:,1187,433H,Paris|La-Rochelle,2
FR:Line::089E6444-1515-40B0-B8E7-295FB185C9F9:,1187,801B,Paris|Vallée-de-la-Marne,2
FR:Line::0DDDEAB2-4EBA-4985-96AB-1DEDD0F4902D:,1187,801A,Paris|Reims|Sedan,2
FR:Line::16687383-70D2-4ABA-A124-1AB6A45C0E60:,1187,533B,Bordeaux|Lille,2
FR:Line::18B0FAF0-44B1-4D0A-A8AD-2E32B7602EAD:,1187,401D,Paris|Rennes|Saint-Malo|Saint-Brieuc,2
FR:Line::19ea029b-6782-421a-8481-7470f5718e47:,1187,071A,Lux|Alsace|Loraine|Paca,2
FR:Line::1AF6DA65-F2A9-4241-A625-8B81DC2A8E51:,1187,803A,Paris|Metz,2
FR:Line::1C59DA64-5D12-4600-9092-4E99FCBFAC7A:,1187,421I,Paris|Poitiers|Rochelle,2
FR:Line::1C9BA26B-7D92-4D0E-86EF-895FB80E10BF:,1187,631D,Paris|Vallée-du-Rhône,2
FR:Line::1E753DF8-B3B7-4FFE-BF59-46FC27595D6E:,1187,621F,Paris|Tarentaise,2
FR:Line::1F038E5C-9CF4-4BFC-9D55-33F57B4DB04F:,1187,411A,Paris|Saint-Nazaire|Croisic,2
FR:Line::1d86325b-2798-4309-8fd8-191eeaaeeafd:,1187,433G,Paris|Rennes|Quimper,2
FR:Line::2239CF74-2DDE-4ECF-9A3F-022E65221125:,1187,621I,Paris|Arves,2
FR:Line::237820F0-01B1-49D5-AB3A-3ACA662E322E:,1187,041F,Lyon|Paca,2
FR:Line::25781E87-8F7D-4110-8EAC-A00082FF6F9C:,1187,433A,Paris|Nantes,2
FR:Line::2881AC3D-A347-4440-BEF8-23ACAB159588:,1187,421B,Paris|Tarbes,2
FR:Line::2C32F2C3-282A-4DCA-80AF-1B2FEAA61B11:,1187,411B,Paris|Sables-D'Olonnes,2
FR:Line::2F2D9904-8003-4160-AD06-1A68D3400380:,1187,333A,Paris|Strasbourg,2
FR:Line::338660B1-35FD-4306-969D-C99969913369:,1187,433E,Paris|Toulouse,2
FR:Line::37ac13d7-de6b-4d05-837f-891191140e19:,1187,612E,Paris|Lausanne,2
FR:Line::3C11D08B-6F1C-416C-A388-63B4074018CB:,1187,631A,Paris|Côte-d'Azur,2
FR:Line::409E20F1-3A95-426A-B174-0008A078BE1F:,1187,261C,Paris|Dunkerque,2
FR:Line::420bbac0-5a0a-472d-b444-f99f8e925b6a:,1187,622E,Paris|Genève,2
FR:Line::4767DC65-0993-4961-B6EC-E5BF6DFFB291:,1187,621G,Paris|Maurienne,2
FR:Line::4CB6B094-7310-4CD4-AE43-FC6F3C2EA917:,1187,611B,Paris|Mulhouse,2
FR:Line::4F3E7D7E-1FEF-4DB7-A210-473D950E2F37:,1187,807A,Paris|Bas-Rhin,2
FR:Line::4FA25873-A63A-4A2D-B62F-EF950E45D8A9:,1187,071B,Lux|Alsace|Loraine,2
FR:Line::518E9B38-0951-4497-9594-67CB169CDB4E:,1187,003C,Nord|Bretagne,2
FR:Line::58E6B1CC-5FD9-4B7D-93CA-05062BA23E9C:,1187,001A,Lille|Lyon,2
FR:Line::58c0c9b7-3765-46af-85a3-f193f3030e9b:,1187,061A,Paris|Nantes,2
FR:Line::5B76AFB9-244D-4AC6-9720-8142DC7F6A91:,1187,601A,Paris|Lyon,2
FR:Line::5af9eaad-75f1-4fdd-a67b-a7aea5d19625:,1187,621H,Paris|Chablais,2
FR:Line::60faff89-b743-4b4b-a86b-3c0537769bfa:,1187,621B,Paris|Chambéry|Annecy,2
FR:Line::62C16406-4390-4C30-B97A-94317527CF00:,1187,411C,Paris|Lemans|Angers|Nantes,2
FR:Line::6667353C-75C7-4A33-8ADE-EBA7FFC003C6:,1187,802A,Paris|Espagne,2
FR:Line::67f8a1ee-e295-40e2-82e3-0cd94e9fd8f6:,1187,433F,Paris|Brest,2
FR:Line::69ABADD2-325C-47DC-BC61-D74DD87C5E3C:,1187,261E,Paris|Littoral,2
FR:Line::6CC8BBE5-9508-49DB-95CD-797616EA49C6:,1187,081C,Normandie|Paca|Alpes,2
FR:Line::6E3CCD81-9398-44C3-9D79-072A8303E507:,1187,803B,Paris|Thionville|Luxembourg,2
FR:Line::73D50859-5CA3-42BE-92D2-15B56125EF05:,1187,807B,Paris|Haut-Rhin,2
FR:Line::75E9980B-E8DF-4696-8E87-123692055B00:,1187,421A,Paris|Hendaye,2
FR:Line::7B14F95D-1FA0-4908-B4C6-18EB63888CD7:,1187,601B,Paris|Saint-Etienne,2
FR:Line::7B49D18D-9775-42E3-9A17-CD0356432A4F:,1187,805B,Paris|Vosges,2
FR:Line::7B6D24C9-C97E-4983-9E87-29A881C982D9:,1187,633C,Paris|Montpellier,2
FR:Line::7FADFAB2-C52C-4C0F-A4AF-8E15C7C8C9F8:,1187,633D,Paris|Lyon,2
FR:Line::7f1e0c14-f26c-49fa-9d55-e16999a63328:,1187,611A,Paris|Besançon,2
FR:Line::84BC1172-DFEB-400B-9E16-D463DA9A393C:,1187,805A,Paris|Nancy,2
FR:Line::8EDA0FF6-311A-4C83-8C18-63D890856B43:,1187,631C,Paris|Languedoc-Roussillon,2
FR:Line::9684FBBE-75D8-461A-B8F4-44181F11CFBC:,1187,421D,Paris|Bordeaux|Arcachon,2
FR:Line::9D734757-B3C7-4D8A-951E-0EB6FDA912B9:,1187,401C,Paris|Quimper,2
FR:Line::A6C76228-9224-4C48-8B92-80FC80F093E2:,1187,001B,Lille|Mediterranee,2
FR:Line::A74B127A-8882-4043-BAAA-F49A6703DE54:,1187,421C,Paris|Toulouse,2
FR:Line::B5CF3630-53A0-4E1C-BF67-9B0EC6B69C5E:,1187,421F,Paris|Tours,2
FR:Line::BAF1DE9A-72EC-4064-8BE9-C4EFF292CB6A:,1187,631B,Paris|Marseille|Toulon,2
FR:Line::BCFC862A-9AA4-4346-A561-488369FB0F16:,1187,261B,Paris|Lille|Dunkerque,2
FR:Line::BFA34945-1B58-4DF6-887D-D07AD8DC34B5:,1187,261A,Paris|Valenciennes,2
FR:Line::CB8AE7F1-0F5A-4DDE-B53D-4CFE739A713F:,1187,003B,Nord|Loire,2
FR:Line::D1E5AD07-58C1-456A-B4E2-928E91061B0B:,1187,633B,Paris|Nice,2
FR:Line::D6BAEC78-815E-4C9A-BC66-2B9D2C00E41F:,1187,401A,Paris|Brest,2
FR:Line::D9F206DE-37B5-4299-A71A-5B4201D0B9F9:,1187,621A,Paris|Grenoble,2
FR:Line::E0963513-61D7-4A56-B1CD-F346C024AB89:,1187,081G,Atlantique|Alpes,2
FR:Line::E6272550-D202-4E52-BFC9-76BDC96ADEE7:,1187,251A,Paris|Lille,2
FR:Line::EB6C44B3-0091-46B2-94A4-A3CC5B1CA889:,1187,633A,Paris|Marseille,2
FR:Line::F1B5E26F-967E-48D9-ABA8-A049ADD85807:,1187,433B,Paris|Bordeaux,2
OCE1506035,OCESN,,Paris|Vernon-Rouen|Havre,2
OCE1506037,OCESN,,Paris|Caen|Cherbourg|Trouville,2
OCE1506036,OCESN,,Paris|Granville,2
OCE1209987,OCESN,,Paris|Bourges|Montluçon,2
OCE1417992,OCESN,,Paris|Nevers,2
OCE1209988,OCESN,,Paris|Orléans|Tours,2
OCE1109945,OCESN,,Paris|Amiens|Boulogne|Calais,2
OCE1109947,OCESN,,Paris|Maubeuge|Cambrai,2
OCE610,OCESN,,Paris|Dreux|Argentan|Granville,2
OCE587,OCESN,,Mans|Alençon|Argentan|Caen,2
OCE35,OCESN,,Paris|Mans,2
OCE1209980,OCESN,,Orléans|Tours,2
OCE669703,OCESN,,Tours|Paray|Lyon,2
OCE647,OCESN,,Villefranche|Carol,2
OCE655,OCESN,,Romans|Braincon,2
OCE343,OCESN,,Marseille|Sisteron|Briancon|Gap,2
OCESN-87751404-87751008,OCESN,,Aix-en-Provence|Marseille,2
OCESN-87763003-87751008,OCESN,,Gap|Marseille,2
OCESN-87763607-87751008,OCESN,,Briançon|Marseille,2
OCE685635,OCESN,,Marseille|Nice|Menton|Vintimille,2
OCE46,OCESN,,Geneve|Evian|Annecy|Valence|Avignon,2
OCESN-87741009-87761007,OCESN,,Chambéry|Valence,2
OCESN-87746008-87747006,OCESN,,Annecy|Grenoble,2
OCE213,OCESN,,Lyon|Grenoble,2
OCE160686,OCESN,,Lyon|Marseille,2
OCE725905,OCESN,,Paris|Dijon|Lyon,2
OCE16635,OCESN,,Lyon|Chambéry|Bourg-St-Maurice,2
OCE1113949,OCESN,,Pontarlier|Frasne|Vallorbe,2
OCE1113942,OCESN,,Dole|Pontarlier|Besançon,2
OCE1113948,OCESN,,Belfort|Delle,2
OCE240,OCESN,,Vallorcine|St-Gervais,2
OCE1105892,OCESN,,Amiens|Serqueux,2
OCE1269972,OCESN,,Lille|Tourcoing|Mouscron|Courtrai,2
OCE1586112,OCESN,,Maubeuge|Charleroi|Namur,2
OCE12,OCESN,,Guingamp|Carhaix,2
OCESN-87594002-87594093,OCESN,,Brive-la-Gaillarde|Ussel,2
OCE1862130,OCESN,,Dijon|Nevers,2
OCESN-87756056-87756882,OCESN,,Nice|Tende,2
OCESN-87756833-87756056,OCESN,,Breil-sur-Roya|Nice,2
OCE317,OCESN,,Nice|Tende,2
OCEFR=Line==3DCDF960-BA93-4443-899F-283A2A13B7FE=,OCESN,,ANNEMASSE|COPPET,2
OCEFR=Line==7EF9EA42-DEB3-4717-ABDF-2E1B8BC66BFA=,OCESN,,EVIAN|COPPET,2
OCEFR=Line==E937D19D-BA51-4EC8-9C8E-6B20FD5D6FF3=,OCESN,,ST-GERVAIS|COPPET,2
OCE725925,OCESN,,Decize|Nevers|Cosne,2
OCEFR=Line==608A9B0B-6DF0-475B-82BA-E9792D7972A5=,OCESN,,ANNECY|COPPET,2
OCE600929,OCESN,,Haguenau|Niederbronn|Bitche,3
OCE600930,OCESN,,Strasbourg|Haguenau,3
OCE600928,OCESN,,Haguenau|Wissembourg,3
OCE596931,OCESN,,Haguenau|Obermodern|Saverne,3
OCE476859,OCESN,,Strasbourg|Sélestat,3
OCE616985,OCESN,,Colmar|Bollwiller|Mulhouse,3
OCE464859,OCESN,,Mommenheim|Bouxwiller,3
OCE600927,OCESN,,Strasbourg|Sarreguemines,3
OCE616988,OCESN,,Ingwiller|Wimmenau|Lichtenberg,3
OCE600931,OCESN,,Strasbourg|Saverne,3
OCE829898,OCESN,,Saverne|Lutzelbourg,3
OCE616987,OCESN,,Mulhouse|Kruth,3
OCE616984,OCESN,,Colmar|Munster|Metzeral,3
OCE472859,OCESN,,Sewen|Cernay,3
OCE616986,OCESN,,Mulhouse|St-Louis|Bâle,3
OCE468860,OCESN,,Frohmuhl|Saverne,3
OCE468861,OCESN,,Saverne|Hattmatt,3
OCE600932,OCESN,,Strasbourg|Lauterbourg,3
OCE616989,OCESN,,Strasbourg|Barr|Sélestat,3
OCE616990,OCESN,,Strasbourg|Rothau|Saales,3
OCE596933,OCESN,,Mulhouse|Belfort,3
OCE528888,OCESN,,Sélestat|Ribeauvillé|Riquewihr,3
OCE468859,OCESN,,St-Dié|Ste-Marie-aux-Mines|Sélestat,3
OCE540929,OCESN,,Montluçon|Vierzon,3
OCE420859,OCESN,,Clermont|Ussel|Mauriac,3
OCE540928,OCESN,,Montluçon|Gannat|Clermont,3
OCE1465994,OCESN,,Brive|St-Denis-Près-Martel|Aurillac,3
OCE1465993,OCESN,,Aurillac|Figeac,3
OCE572935,OCESN,,Clermont|St-Etienne,3
OCE484866,OCESN,,Clermont|Le-Puy,3
OCE1465995,OCESN,,Arvant|Aurillac,3
OCE1465992,OCESN,,Moulins|Vichy,3
OCESN-87734004-87734475,OCESN,,Clermont|Thiers,3
OCE428859,OCESN,,Volvic|St-Gervais,3
OCESN-87734475-87734426,OCESN,,Thiers|Vertaizon,3
OCE424860,OCESN,,St-Gervais|St-Eloy|Montluçon,3
OCESN-87734004-87734426,OCESN,,Clermont|Vertaizon,3
OCE464860,OCESN,,St-Chély|St-Flour|Arvant,3
OCE456859,OCESN,,Bort-Les-Orgues|Neussargues,3
OCE697634,OCESN,,Lyon|St-Etienne,3
OCE532896,OCESN,,Ambert-Le Puy,3
OCE556927,OCESN,,Vichy-Ambert,3
OCE725923,OCESN,,Nevers|Luzy,3
OCE725924,OCESN,,Etang|Autun,3
OCE725930,OCESN,,Nevers|Moulins,3
OCE725907,OCESN,,Paray-le-Monial|Moulins-sur-Allier,3
OCE725908,OCESN,,Digoin|Paray-le-Monial|Lozanne,3
OCE725918,OCESN,,Seurre|Bourg-en-Bresse,3
OCE725916,OCESN,,Auxerre|Avallon,3
OCE725915,OCESN,,Auxerre|Clamecy|Corbigny,3
OCE1506043,OCESN,,Lorient-Quimperlé,3
OCE1097897,OCESN,,Chateaubriant|Janze,3
OCE1858132,OCESN,,DOL|DINAN,3
OCE817875,OCESN,,Valençay|Luçay-le-Male,3
OCE817873,OCESN,,Salbris|Valençay,3
OCE701665,OCESN,,SEDAN|LA-FERTE-SUR-CHIERS,3
OCE1518126,OCESN,,CHALONS-EN-CHAMPAGNE|VERDUN,3
OCE701666,OCESN,,CHALONS|LANGRES,3
OCE701667,OCESN,,TROYES|CHAUMONT,3
OCE701668,OCESN,,TROYES|LAROCHES-MIGENNES,3
OCE1826120,OCESN,,TROYES|ROMILLY,3
OCE701669,OCESN,,TROYES|NOGENT-SUR-SEINE,3
OCE1522080,OCESN,,CHARLEVILLE-HIRSON,3
OCE1850132,OCESN,,REIMS|FISMES,3
OCE1121941,OCESN,,Aillevillers|Belfort,3
OCE1337993,OCESN,,Besançon-Le|Locle,3
OCE1337995,OCESN,,Dole|Mouchard|St-Claude,3
OCE1337994,OCESN,,Besançon-|Mouchard|Lons-Le-Saunier,3
OCE1121942,OCESN,,Pontarlier|Frasne,3
OCE1337996,OCESN,,Frasne|Vallorbe,3
OCE140665,OCESN,,Alès-Nîmes,3
OCE140660,OCESN,,Langogne|Mende,3
OCE1530067,OCESN,,Langogne|Mende,3
OCE140657,OCESN,,St-Chély|Millau,3
OCE140656,OCESN,,Mende|Clermont,3
OCE140661,OCESN,,Mende|Le-Puy,3
OCE140659,OCESN,,Mende|Marvejols|St-Chély,3
OCE140662,OCESN,,Carcassonne|Quillan,3
OCE144650,OCESN,,Béziers|Bédarieux,3
OCE1790120,OCESN,,Guéret|Montluçon,3
OCE1790121,OCESN,,Ussel|Brive,3
OCE1786121,OCESN,,Ussel|Bort-les-Orgues,3
OCE1469999,OCESN,,CULMONT|CHALINDREY-VITTEL,3
OCE629078,OCESN,,SARREGUEMINES|BENING,3
OCE1469996,OCESN,,CHARMES|MIRECOURT|VITTEL,3
OCE1734118,OCESN,,VITTEL|CONTREX|NANCY,3
OCE625078,OCESN,,SARREBOURG|IGNEY|AVRICOURT|LUNEVILLE,3
OCE629083,OCESN,,LONGWY|LONGUYON,3
OCE637120,OCESN,,LONGUYON|MONTMEDY,3
OCE637181,OCESN,,SARREBOURG|MORHANGE,3
OCE625077,OCESN,,REMILLY|MORHANGE,3
OCE637164,OCESN,,NANCY|NEUFCHATEAU,3
OCE637174,OCESN,,CREUTZWALD|THIONVILLE,3
OCE637146,OCESN,,ST-DIE|EPINAL,3
OCE621078,OCESN,,THIONVILLE|APACH,3
OCE637136,OCESN,,SARREBOURG|SARREGUEMINES,3
OCE637111,OCESN,,NANCY|METZ,3
OCESN-87193714-87212225,OCESN,,Sarralbe|Saverne,3
OCE1814121,OCESN,,Bar-Le-Duc|Revigny,3
OCE1814120,OCESN,,Charmes|Epinal,3
OCE1866126,OCESN,,PagnyMoselle|ConflansJarny,3
OCE180689,OCESN,,Brive|Gramat|Figeac|Rodez,3
OCE180698,OCESN,,Toulouse|Mazamet,3
OCE180694,OCESN,,Toulouse|Luchon|Pau,3
OCE180697,OCESN,,Castelsarrasin|Agen,3
OCE180695,OCESN,,Toulouse|Foix|Tarascon|Latour-de-Carol,3
OCE180692,OCESN,,Souillac|St-Denis-Près-Martel,3
OCE180687,OCESN,,Toulouse|Albi|Carmaux|Rodez,3
OCE1798150,OCESN,,Lille|Comines,3
OCE1630115,OCESN,,Amiens|Boulogne|Calais,3
OCE1630132,OCESN,,Lens|Douai|Libercourt|Lille,3
OCE1630125,OCESN,,Lille|Valenciennes|Aulnoye|Hirson,3
OCE1630111,OCESN,,Lille|Douai|Arras,3
OCE1630118,OCESN,,Lille|Dunkerque,3
OCE1630127,OCESN,,St-Quentin|Douai|Lille,3
OCE1630113,OCESN,,Fliers|Calais,3
OCE584,OCESN,,Caen|St-Lo|Coutances|Granville|Rennes,2
OCE372846,OCESN,,Argentan|Briouze|Bagnoles|Flers|Vire|Folligny|Granville,3
OCE372847,OCESN,,L'Aigle|Surdon|Alençon,3
OCE583,OCESN,,Lisieux|Trouville-Deauville|Dives|Cabourg,2
OCE616,OCESN,,Rouen|Caen,2
OCE1526128,OCESN,,Paris|Caen,2
OCE637207,OCESN,,Fécamp|BREAUTE|ROUTIER|REGULIER,3
OCE1381993,OCESN,,Région|Rouen|Pont|Audemer,3
OCE829858,OCESN,,Reguliers|Nantes|St-Gilles|Croix,3
OCE829852,OCESN,,Reguliers|Nantes|Clisson|Cholet,3
OCE1101902,OCESN,,Amiens|ALBERT,3
OCE1105899,OCESN,,CREIL|BEAUVAIS,3
OCE1105890,OCESN,,LAON|HIRSON,3
OCE1105895,OCESN,,CREIL|ST QUENTIN,3
OCE1105901,OCESN,,BEAUVAIS|ABANCOURT|LE-TREPORT,3
OCE1650122,OCESN,,Poitiers|Chatellerault,2
OCE1650124,OCESN,,Poitiers|La-Rochelle,2
OCE1650128,OCESN,,Royan|Niort,2
OCE532920,OCESN,,Montluçon|Guéret,3
OCE156699,OCESN,,Lyon|Chambéry,3
OCE156687,OCESN,,Lyon|Annecy,3
OCE1618110,OCESN,,Chambery|Aix-Les-Bains|Annecy,3
OCE252843,OCESN,,Grenoble|Valence,3
OCE252844,OCESN,,Grenoble|Chambery,3
OCE160697,OCESN,,Lyon|Grenoble,3
OCE232739,OCESN,,Lyon|Lozanne,3
OCE156701,OCESN,,Roanne|Lyon|,3
OCE1618111,OCESN,,Lyon|Lozanne|Paray-Le-Monial,3
OCE156704,OCESN,,Clermont|Montbrison|St-Etienne,3
OCE941884,OCESN,,Valence|Die,3
OCE140639,OCESN,,Grenoble|Annemasse|Evian,3
OCE260844,OCESN,,Valence|St-Etienne,3
OCE140640,OCESN,,Lyon|Chamonix,3
OCE140642,OCESN,,Modane|Grenoble,3
OCE140641,OCESN,,Grenoble|Annonay,3
OCE140638,OCESN,,Grenoble|Chamonix,3
OCE496863,OCESN,,Grenoble|Aubenas,3
OCE140643,OCESN,,Bourg-St-Maurice|Grenoble,3
OCE140644,OCESN,,Chambéry|Chamonix,3
OCE140645,OCESN,,Chambéry|Annecy|Evians,3
OCE140647,OCESN,,Bourg-en-Bresse|Chambéry,3
OCE140646,OCESN,,Lyon|Oyonnax|St-Claude|Morez,3
OCE160693,OCESN,,Chambéry|Bourg-St-Maurice,3
OCE232738,OCESN,,Mâcon|Lyon,3
OCE1782119,OCESN,,Sarre-Union|Diemeringen|Sarralbe,3
OCE1097905,OCESN,,St-Brieuc|Dinan,3
OCESN-87718304-87718320,OCESN,,Franois|St-Vit,7
OCESN-87713347-87713339,OCESN,,Auxonne|Villers-les-Pots,7
OCESN-87713040-87712182,OCESN,,Dijon|Neuilly-lès-Dijon,7
OCE1794152,OCESN,,Chamonix|St-Gervais,3
OCE1598106,OCESN,,Bellegarde|Annecy,3
OCE156689,OCESN,,Lyon|Ambérieu|St-Rambert,3
OCE164703,OCESN,,Lyon|Bourg-en-Bresse,3
OCE156693,OCESN,,Macon|Bourg-en-Bresse,3
OCE1634112,OCESN,,Grenoble|Gap|Briançon,3
OCE168688,OCESN,,Lyon|St-Bel,3
OCE156710,OCESN,,Villefranche|Lyon|Vienne,3
OCE160703,OCESN,,Ambérieu|Bourg-en-Bresse,3
OCE160691,OCESN,,Chambéry|Modane,3
OCE629126,OCESN,,St-Priest|St-Pierre-de-Chandieu,3
OCE156697,OCESN,,Ambérieu|Chambéry,3
OCE156691,OCESN,,Roanne|St-Etienne,3
OCE629127,OCESN,,Communay Sérézin,3
OCE817850,OCESN,,Tours|Chinon,3
OCE817851,OCESN,,Tours|Chateau-du-Loir,3
OCE817860,OCESN,,Droué|Courtalain|Chartres,3
OCE817871,OCESN,,Mondoubleau|Vendome,3
OCE817869,OCESN,,Aubigny|Gien,3
OCE817859,OCESN,,Montargis|Gien,3
OCE817868,OCESN,,Sancerre|Cosne,3
OCE817857,OCESN,,Bourges|St-Amand,3
OCE817870,OCESN,,Bourges|Issoudun|Châteauroux,3
OCE817858,OCESN,,Vierzon|Issoudun,3
OCE817866,OCESN,,Châteauroux|Le-Blanc|Poitiers,3
OCE817862,OCESN,,Nouan|Lamotte|Romorantin,3
OCE817865,OCESN,,Eguzon|Argenton|Châteauroux,3
OCE817863,OCESN,,Thésée|St-Aignan|Romorantin,3
OCE817853,OCESN,,Tours|Loches,3
OCE817854,OCESN,,Loches|Chateauroux,3
OCE817855,OCESN,,Tours|Chateauroux,3
OCE817876,OCESN,,Romorantin|Vierzon,3
OCE817849,OCESN,,Blois|Limeray,3
OCE817861,OCESN,,Dourdan|Chateaudun,3
OCE817867,OCESN,,Tours|Vendôme|Chateaudun|Chartres,3
OCE817872,OCESN,,Chateau|Renault|Vendome,3
OCE637179,OCESN,,EPINAL|MIRECOURT|CONTREX|NEUFCHATEAU,3
OCE637180,OCESN,,BRUYERES|LUNEVILLE,3
OCE637171,OCESN,,LA-BRESSE|REMIREMONT,3
OCE637135,OCESN,,METZ|LONGWY,3
OCE637145,OCESN,,THIONVILLE|AUDUN-LE-ROMAN,3
OCE637137,OCESN,,BITCHE|SARREGUEMINES,3
OCE637138,OCESN,,LUTZELBOURG|SARREBOURG,3
OCE637144,OCESN,,METZ|VERDUN,3
OCE1630121,OCENI,,Arras|St-Pol|Etaples,3
OCESN-87172007-87172254,OCESN,,Charleville-Mézières|Sedan,3
OCESN-87171009-87172254,OCESN,,Reims|Sedan,3
OCE597,OCESN,,Woerth|Lauterbourg|Strasbourg,2
OCE1045887,OCESN,,Neustadt|Wissembourg,2
OCE1638125,OCESN,,Lauterbourg|Woerth,2
OCE685637,OCESN,,Les Arcs|Vintimille,2
OCE600,OCESN,,Sarrebrucken|Strasbourg|Krimmeri,2
OCE327,OCESN,,Treves|Metz,2
OCE324,OCESN,,Luxembourg|Longwy|Nancy,2
OCE626,OCESN,,Avignon|Portbou,2
OCE1377992,OCESN,,Toulouse|Perpignan|Cerbère,2
OCE577,OCESN,,Strasbourg|Offenburg,2
OCE16630,OCESN,,Mulhouse|Freiburg,2
OCESN-82001000-87141002,OCESN,,Luxembourg|Nancy,2
OCESN-82001000-87191007,OCESN,,Luxembourg|Thionville,2
OCESN-82006030-87141002,OCESN,,Bettembourg|Nancy,2
OCESN-87141002-87191007,OCESN,,Nancy|Thionville,2
OCESN-82001000-87192039,OCESN,,Luxembourg|Metz,2
OCESN-87192039-87141002,OCESN,,Metz|Nancy,2
OCE323,OCESN,,Luxembourg|Metz|Nancy,2
OCE200733,OCESN,,Mulhouse|Bâle|Omni,2
OCE200734,OCESN,,Strasbourg|Mulhouse|Bâle,2
OCE50,OCESN,,Lyon|Genève,2
OCE49,OCESN,,Lyon|Bellegarde|Evian|St-Gervais,2
OCESN-85010082-87747006,OCESN,,Genève|Grenoble,2
OCEFR=Line==C5996E08-5B80-4EA7-8BD5-268DCBA77858=,OCESN,,BELLEGARDE|GENEVE,2
OCE413,OCESN,,Tours|ST-PIERRE,7
OCE645579,OCESN,,Strasbourg|Sarrebruck,3
OCESN-87212407-87212027,OCESN,,Roeschwoog|Strasbourg,3
OCESN-87212464-87212027,OCESN,,Lauterbourg|Strasbourg,3
OCESN-87213058-87213470,OCESN,,Haguenau|Wissembourg,3
OCESN-87212340-87212027,OCESN,,Herrlisheim|Strasbourg,3
OCE645599,OCESN,,Colmar|Metzeral,3
OCE645613,OCESN,,Strasbourg|Kehl,3
OCE777849,OCESN,,Strasbourg|Molsheim|Rothau|Saales|St-Dié,3
OCESN-87182642-87182881,OCESN,,Kruth|Thann-St-Jacques,3
OCESN-87182881-87182618,OCESN,,Thann-St-Jacques|Wesserling,3
OCESN-87182642-87182568,OCESN,,Kruth|Thann,3
OCE649576,OCESN,,Strasbourg|Sélestat|Colmar|Mulhouse|Bâle,3
OCE777848,OCESN,,Strasbourg|Sélestat,3
OCE200740,OCESN,,Strasbourg|Metz,2
OCESN-80142927-87212027,OCESN,,Kehl|Strasbourg,3
OCESN-80143099-87212027,OCESN,,Offenburg|Strasbourg,3
OCE1650157,OCESN,,Bayonne|Pau|Tarbes,2
OCE1650154,OCESN,,Bordeaux|Mont-de-Marsan,2
OCE1650162,OCESN,,Bordeaux|Pointe-de-Grave,2
OCE1650156,OCESN,,Bordeaux|Pau|Tarbes,2
OCE1650152,OCESN,,Bordeaux|Arcachon,2
OCE1650144,OCESN,,Tulle|Brive|Perigueux|Bordeaux,2
OCE1650158,OCESN,,Bayonne|St-Jean-Pied-de-Port,2
OCE1650159,OCESN,,Pau|Bedous,2
OCE1650155,OCESN,,Bordeaux|Hendaye,2
OCE1650149,OCESN,,Bordeaux|Sarlat,2
OCESN-87584268-87595827,OCESN,,Bergerac|Sarlat,3
OCE1650161,OCESN,,Bordeaux|Agen,2
OCE1650150,OCESN,,Périgueux|Agen|Sarlat,2
OCE1650148,OCESN,,Périgueux|Bordeaux,2
OCE384854,OCESN,,Montluçon|Commentry|Gannat|Clermont,2
OCE388859,OCESN,,Thiers|Clermont,2
OCESN-87734004-87696328,OCESN,,Clermont|Moulins-sur-Allier,3
OCESN-87734004-87734053,OCESN,,Clermont|Riom-Châtel-Guyon,3
OCESN-87734004-87732008,OCESN,,Clermont|Vichy,3
OCESN-87732404-87732008,OCESN,,Gannat|Vichy,3
OCE384849,OCESN,,Clermont|Vic|Issoire|Brioude,2
OCE384862,OCESN,,Clermont|Nîmes,2
OCE384852,OCESN,,Clermont|Le-Puy,2
OCE384853,OCESN,,Clermont|Aurillac,2
OCESN-87645002-87645507,OCESN,,Aurillac|Neussargues,3
OCE384864,OCESN,,Aurillac|Figeac|Capdenac,3
OCE384863,OCESN,,Neussargues|Aurillac|Brive,3
OCESN-87713040-87683268,OCESN,,Dijon|Laroche|Migennes,3
OCE726006,OCESN,,Paris|Lyon|Laroche,2
OCE725913,OCESN,,Paris|Auxerre|Morvan,2
OCESN-87683573-87696807,OCESN,,Auxerre-St-Gervais|Clamecy,3
OCE909879,OCESN,,Is-sur-Tille|Dijon|Les-Laumes,2
OCE725919,OCESN,,Dijon|Bourg-en-Bresse,2
OCE1425992,OCESN,,Besançon|Dijon,2
OCESN-87713040-87713115,OCESN,,Dijon|Les-Laumes|Alésia,3
OCESN-87683573-87696617,OCESN,,Auxerre-St-Gervais|Corbigny,3
OCESN-87696807-87683268,OCESN,,Clamecy|Laroche-Migennes,3
OCESN-87713578-87694307,OCESN,,Chagny|Montchanin,3
OCE725906,OCESN,,Nevers|Paray|Lyon,2
OCE1113943,OCESN,,Belfort|Vesoul|Belfort|Epinal,2
OCE725926,OCESN,,Autun|Dijon,2
OCE1113946,OCESN,,Belfort|Lyon,2
OCE1113944,OCESN,,Besançon Viotte|Besançon,2
OCE164687,OCESN,,Laval|Vitré|Rennes,2
OCE7,OCESN,,Rennes|St-Brieuc,2
OCE6,OCESN,,Rennes|Vannes,2
OCE16,OCESN,,Nantes|Redon|Rennes,2
OCE2,OCESN,,Rennes|Quimper,2
OCE4,OCESN,,Redon|Quimper,2
OCE18,OCESN,,Nantes|Quimper|Brest,2
OCE8,OCESN,,St-Brieuc|Brest,2
OCE13,OCESN,,Quimper|Brest,2
OCE809861,OCESN,,St-Brieuc|Lannion,2
OCE3,OCESN,,Châteaubriant|Rennes,2
OCE1450007,OCESN,,POITIERS|Tours,2
OCE1209973,OCESN,,Tours|Chinon,2
OCESN-87597005-87576009,OCESN,,Châteauroux|Vierzon,3
OCESN-87597120-87576009,OCESN,,Argenton-sur-Creuse|Vierzon,3
OCE1209977,OCESN,,Tours|Nevers,2
OCE1341991,OCESN,,Tours|Vendôme|Châteaudun|Paris|Austerlitz,2
OCE1209981,OCESN,,Tours|Saumur,2
OCE817848,OCESN,,Les-Aubrais|Blois|Tours,3
OCE1209975,OCESN,,Salbris|Romorantin|Luçay-le-Mâle,3
OCE1209984,OCESN,,Paris|CHARTRES|NOGENT,2
OCE1209983,OCESN,,Droué|Chartres|Courtalain,2
OCE981885,OCESN,,CHARLEVILLE|GIVET,3
OCESN-87172007-87171009,OCESN,,Charleville-Mézières|Reims,3
OCESN-87172270-87172254,OCESN,,Rethel|Sedan,3
OCE981889,OCESN,,LAON|REIMS,3
OCESN-87142000-87175000,OCESN,,Chaumont|St-Dizier,3
OCESN-87174003-87175000,OCESN,,Châlons-en-Champagne|St-Dizier,3
OCE981882,OCESN,,Paris|BAR-LE-DUC,3
OCESN-87142125-87118000,OCESN,,Culmont|Troyes,3
OCESN-87142000-87118000,OCESN,,Chaumont|Troyes,3
OCESN-87713040-87118000,OCESN,,Dijon|Troyes,3
OCE701660,OCESN,,CHARLEVILLE|THIONVILLE,2
OCE643,OCESN,,Carcassonne|Quillan,2
OCE651,OCESN,,Nîmes|Mende|St-Chély-d'Apcher,2
OCE644,OCESN,,Nîmes|Le-Grau-du-Roi,2
OCESN-87615286-87615039,OCESN,,Carcassonne|Castelnaudary,3
OCESN-87781104-87611004,OCESN,,Narbonne|Toulouse,3
OCESN-87615039-87781104,OCESN,,Castelnaudary|Narbonne,3
OCESN-87615039-87611004,OCESN,,Castelnaudary|Toulouse,3
OCE646,OCESN,,Perpignan|Villefranche,3
OCE1650137,OCESN,,Limoges|Gueret|Montluçon,2
OCE1650136,OCESN,,Limoges|Poitiers,2
OCE1650132,OCESN,,Limoges|Angoulême,2
OCE1650141,OCESN,,Limoges|Périgueux|Bordeaux,2
OCE1650135,OCESN,,Limoges|St-Yrieix|Brive,2
OCE1650134,OCESN,,Limoges|Uzerche|Brive,2
OCE1650139,OCESN,,Limoges|Ussel,2
OCE1650140,OCESN,,Brive|Ussel,2
OCE354,OCESN,,Lunéville|Nancy,2
OCE358,OCESN,,Remiremont|Epinal|Nancy|Metz,2
OCE357,OCESN,,Dijon|Culmont|Neufchateau|Toul|Nancy,2
OCE331,OCESN,,Sarreguemines|Béning|Metz,2
OCE356,OCESN,,Pont|St-Vincent|Nancy,2
OCE360,OCESN,,Reims|Bar-Le-Duc|Metz,2
OCE355,OCESN,,Reims|Bar-Le-Duc|Nancy,2
OCE362,OCESN,,Verdun-Conflans-Hagondange-Metz,2
OCE359,OCESN,,St-Dié|Nancy,2
OCE288845,OCESN,,Verdun|Nancy,2
OCE329,OCESN,,Thionville|Longwy,2
OCE4624,OCESN,,Rodez|Millau|Tournemire|Roquefort,3
OCE4620,OCESN,,Toulouse|Mazamet,2
OCE645731,OCESN,,Toulouse|Figeac,3
OCE4618,OCESN,,Toulouse|Auch,2
OCE4629,OCESN,,Toulouse|Brive,2
OCE4626,OCESN,,Toulouse|Luchon|Pau,2
OCE4630,OCESN,,Toulouse|Agen|Bordeaux,2
OCE4623,OCESN,,Brive|Rodez,2
OCE1630122,OCESN,,Lille|Tourcoing|Mouscron|Courtrai,3
OCE1630114,OCESN,,Lille|Douai|Arras|Amiens,3
OCE1630130,OCESN,,Cambrai|Valenciennes,3
OCE1630126,OCESN,,Jeumont|Aulnoye|St-Quentin,3
OCE1630123,OCESN,,Lille|Ascq|Tournai|Orchies,3
OCESN-87286005-87343004,OCESN,,Lille|Flandres|Valenciennes,3
OCESN-87286005-88850010,OCESN,,Lille|Flandres|Tournai,3
OCE1630124,OCESN,,Lille|Valenciennes|Maubeuge|Jeumont,3
OCESN-87313874-87317263,OCESN,,Amiens|Calais,3
OCESN-87317362-87313874,OCESN,,Abbeville|Amiens,3
OCE1630119,OCESN,,Arras|Hazebrouck|Dunkerque-Calais,3
OCESN-87345009-87286005,OCESN,,Douai|Lille|Flandres,3
OCESN-87317586-87317263,OCESN,,Boulogne|Calais,3
OCESN-87313874-87342014,OCESN,,Amiens|Arras,3
OCESN-87345025-87286005,OCESN,,Lens|Lille,3
OCESN-87295600-87295014,OCESN,,Aulnoye|Aymeries|Jeumont,3
OCE669661,OCESN,,Nantes|Luçon|La-Rochelle,2
OCE1450014,OCESN,,LA–ROCHE-SUR-YON|BRESSUIRE|Saumur|Tours,2
OCE24,OCESN,,Le-Mans|Angers|Nantes,2
OCE66967,OCESN,,Nantes|Angers|Tours,2
OCE669676,OCESN,,Nantes|Saumur,2
OCE28,OCESN,,Angers|Cholet,2
OCE33,OCESN,,Thouars|La-Roche-sur-Yon,2
OCE1474034,OCESN,,Paris|PERSAN|BEAUVAIS,3
OCE1474035,OCESN,,Amiens|Serqueux,3
OCE1474031,OCESN,,Amiens|TERGNIER|LAON|,3
OCESN-87276006-87296012,OCESN,,Creil|Lauvais|Persan|Beaumont,3
OCE1474033,OCESN,,Paris|CREIL|Amiens,3
OCESN-87313874-87313270,OCESN,,Amiens|St-Just,3
OCE1650117,OCESN,,Poitiers|Angoulême,2
OCE1650129,OCESN,,La-Rochelle|Saintes,2
OCE1650130,OCESN,,La-Rochelle|Rochefort,2
OCE1650126,OCESN,,La-Rochelle|Bordeaux,2
OCE1650127,OCESN,,Royan|Angoulême,2
OCE336,OCESN,,Marseille|LES-ARCS,2
OCESN-87765008-87753004,OCESN,,Avignon-Centre|Miramas,3
OCE340,OCESN,,Marseille|PERTUIS,2
OCE705966,OCESN,,Marseille|MIRAMAS,2
OCESN-87746305-87746479,OCESN,,La-Roche-sur-Foron|St-Gervais|Le-Fayet,3
OCESN-87746008-87746305,OCESN,,Annecy|La-Roche-sur-Foron,3
OCESN-87746008-87745497,OCESN,,Annecy|Annemasse,3
OCESN-87745497-87745000,OCESN,,Annemasse|Bellegarde,3
OCESN-87745497-87745679,OCESN,,Annemasse|Evian-les-Bains,3
OCESN-87745000-87745679,OCESN,,Bellegarde|Evian-les-Bains,3
OCESN-87746784-87746479,OCESN,,Chamonix-Mont-Blanc|St-Gervais|Le-Fayet,3
OCESN-87746701-87746479,OCESN,,Chedde|St-Gervais|Le-Fayet,3
OCE200739,OCESN,,Strasbourg|Saverne|Sarrebourg,2
OCE637512,OCESN,,Paris|Montargis,2
OCE200737,OCESN,,Haguenau|Strasbourg,2
OCE637330,OCESN,,Wissembourg|Strasbourg,2
OCE619,OCESN,,Strasbourg|Molsheim,2
OCE200731,OCESN,,Strasbourg|Sélestat,2
OCE200732,OCESN,,Mulhouse|Colmar,2
OCE596,OCESN,,Metzeral|Colmar,2
OCE617093,OCESN,,Strasbourg|Sélestat,2
OCE617095,OCESN,,Strasbourg|Rothau|Saales|St-Dié,2
OCE200735,OCESN,,Mulhouse|Thann-St-Jacques,0
OCE535,OCESN,,Mulhouse|Kruth,2
OCE200738,OCESN,,Niederbronn|Strasbourg,2
OCESN-87141002-87175778,OCESN,,Nancy|Verdun,2
OCESN-87194001-87191007,OCESN,,Longwy|Thionville,2
OCESN-87192039-87175778,OCESN,,Metz|Verdun,2
OCE361,OCESN,,Verdun|Onville|Metz,2
OCE773848,OCESN,,Luneville|Nancy|Bar-Le-Duc|Reims,2
OCESN-87171553-87141002,OCESN,,Epernay|Nancy,2
OCESN-87171553-87141150,OCESN,,Epernay|Luné,2
OCE326,OCESN,,Sarrebourg|Rémilly|Metz,2
OCE200741,OCESN,,Strasbourg|Nancy,2
OCE1021888,OCESN,,Paris|DIJON|MULHOUSE,2
OCE701652,OCESN,,CHATEAU-THIERRY|CHALONS|EPERNAY|REIMS,2
OCE701650,OCESN,,CHARLEVILLE|GIVET,2
OCE701648,OCESN,,Paris|ST-DIZIER|BAR-LE-DUC,2
OCE1578107,OCESN,,LAON|FISMES,2
OCE1470001,OCESN,,Paris|CHALON|MULHOUSE,2
OCE701656,OCESN,,REIMS|DIJON,2
OCESN-87713040-87171009,OCESN,,Dijon|Reims,2
OCESN-87713040-87175000,OCESN,,Dijon|St-Dizier,2
OCE1277990,OCESN,,Lille|Valenciennes|Aulnoye|Hirson|Charleville,2
OCE1429992,OCESN,,Cambrai|Valenciennes,2
OCE1277991,OCESN,,Lille|Valenciennes|Maubeuge|Jeumont,2
OCE1445992,OCESN,,Jeumont|Aulnoye|Busigny|St-Quentin|Tergnier,2
OCE1273993,OCESN,,Lille|Don-Bethune|St-Pol|Lens,2
OCE1269979,OCESN,,Arras|St-Pol|Etaples,2
OCE1269991,OCESN,,Rang-du-Fliers|Calais,2
OCE1269984,OCESN,,Lille|Douai|Arras,2
OCE1273992,OCESN,,Lens|Douai|Libercourt|Lille,2
OCE1277993,OCESN,,Cambrai|Douai,2
OCE1277992,OCESN,,Douai|Valenciennes,2
OCESN-87286005-87296004,OCESN,,Lille|Flandres|St-Quentin,2
OCESN-87345520-87296004,OCESN,,Cambrai|St-Quentin,2
OCESN-87345520-87286005,OCESN,,Cambrai|Lille|Flandres,2
OCESN-87345009-87296004,OCESN,,Douai|St-Quentin,2
OCE1105887,OCESN,,Amiens|ALBERT,2
OCE1269989,OCESN,,Lille|Dunkerque,2
OCE1453993,OCESN,,Lille|Calais|Boulogne|Rang,2
OCE1453994,OCESN,,Amiens|Arras|Lille|Dunkerque,2
OCE1269978,OCESN,,Dunkerque|Calais,2
OCE1269988,OCESN,,Arras|Hazebrouck|Dunkerque|Calais,2
OCE1273991,OCESN,,Lille|Hazebrouck|Calais,2
OCESN-87295063-87296012,OCESN,,Hirson|Laon,2
OCE1105897,OCESN,,Paris|PERSAN|BEAUVAIS,2
OCESN-87276006-87271007,OCESN,,Creil|Paris,2
OCESN-87313510-87271007,OCESN,,Beauvais|Paris,2
OCE1105898,OCESN,,CREIL|BEAUVAIS,2
OCE1105900,OCESN,,BEAUVAIS|ABANCOURT|LE-TREPORT,2
OCE1105903,OCESN,,Paris|CREIL,2
OCE1109948,OCESN,,Paris|ST-QUENTIN,2
OCE1554104,OCESN,,Abbeville|Amiens|Albert,2
OCE1273990,OCESN,,Amiens|Boulogne|Calais,2
OCE1105896,OCESN,,Amiens|COMPIEGNE,2
OCE1109946,OCESN,,Paris|Amiens,2
OCE1105891,OCESN,,Amiens|TERGNIER|LAON|ST-QUENTIN,2
OCE1105889,OCESN,,LAON|HIRSON,2
OCE1105893,OCESN,,Paris|CREPY|SOISSONS|LAON,2
OCE516,OCESN,,Paris|Rouen,2
OCE645685,OCESN,,Havre|Rolleville,2
OCE645686,OCESN,,Fécamp|Havre,2
OCE645687,OCESN,,ROUEN|Havre,2
OCE645688,OCESN,,Elbeuf|Yvetot,2
OCE128635,OCESN,,Rouen|Dieppe,2
OCE581,OCESN,,Lisieux|Caen|Cherbourg,2
OCE805848,OCESN,,Res|Dol|Din,2
OCE5,OCESN,,Rennes|Saint-Malo,2
OCE11,OCESN,,Guingamp|Paimpol,2
OCESN-87474007-87473223,OCESN,,Brest|Lannion,2
OCE171,OCESN,,Lannion|Brest,2
OCE1,OCESN,,Rennes|Brest,2
OCE123,OCESN,,Tour|Chateau-Du-Loir|Mans,2
OCE681596,OCESN,,Chateau-du-Loir|Mans|Alençon,2
OCE669700,OCESN,,Mans|Caen,2
OCESN-87444711-87571000,OCESN,,Alençon|Tours,2
OCESN-87444000-87571000,OCESN,,Caen|Tours,2
OCE31,OCESN,,Mans|Croisic,2
OCE17,OCESN,,Mans|Rennes,2
OCE685599,OCESN,,Nantes|Sablé|Rennes,2
OCESN-87481002-87471003,OCESN,,Nantes|Rennes,2
OCESN-87478404-87481002,OCESN,,Laval|Nantes,2
OCESN-87481788-87471003,OCESN,,Croisic|Rennes,2
OCE22,OCESN,,Nantes|Saint-Nazaire|Croisic,2
OCE30,OCESN,,Nantes|Redon,2
OCE1321991,OCESN,,Saumur|Angers|Cholet,2
OCE26,OCESN,,Nantes|Roche|Yon|Sables,2
OCE140648,OCESN,,Saumur|Sables,2
OCE27,OCESN,,Nantes|Saint-Gilles-Croix-de-Vie|Pornic,2
OCE240762,OCESN,,Nantes|Châteaubriant,0
OCE25,OCESN,,Nantes|Cholet,2
OCE669662,OCESN,,Nantes|Clisson,0
OCE34,OCESN,,Orléans|Tours|Nantes|Croisic,2
OCE1450013,OCESN,,Thouars|Saumur|Angers,2
OCE1209974,OCESN,,Tours|Loches,2
OCESN-87576207-87571000,OCESN,,Bourges|Tours,2
OCESN-87696005-87571000,OCESN,,Nevers|Tours,2
OCESN-87571000-87576009,OCESN,,Tours|Vierzon,2
OCE645595,OCESN,,Commentry|Montluçon|Vierzon,2
OCE16626,OCESN,,Commentry|Montluçon|Vierzon|Bourges,2
OCE1209976,OCESN,,Commentry|Montluçon|Vierzon,2
OCE1209978,OCESN,,Orléans|Nevers,2
OCE125,OCESN,,Orleans|Vierzon|Chateauroux|Argenton|Limoges,2
OCESN-87576207-87543009,OCESN,,Bourges|Orléans,2
OCESN-87696005-87543009,OCESN,,Nevers|Orléans,2
OCESN-87576207-87696005,OCESN,,Bourges|Nevers,2
OCESN-87696005-87576009,OCESN,,Nevers|Vierzon,2
OCE1209986,OCESN,,Voves|Chartres,2
OCE1301991,OCESN,,Chartres|Angers,2
OCE1650125,OCESN,,La-Rochelle-Porte-Dauphine|Angoulême,2
OCE1674114,OCESN,,Bordeaux|Angoulême,2
OCE1674115,OCESN,,Bordeaux|Libourne|Coutras,2
OCE1650153,OCESN,,St Mariens|Bordeaux,2
OCE1650151,OCESN,,Sarlat|Périgueux,2
OCE1650145,OCESN,,Limoges|Périgueux|Agen,2
OCE1650163,OCESN,,Pessac|Macau,2
OCE1650160,OCESN,,Bordeaux|Langon,2
OCE1650138,OCESN,,Limoges|Guéret|Felletin,2
OCE1650142,OCESN,,Montluçon|Bordeaux,2
OCE1650143,OCESN,,Ussel|Bordeaux,2
OCE1650133,OCESN,,Limoges|Châteauroux,2
OCE4621,OCESN,,Toulouse|Rodez,2
OCE4627,OCESN,,Toulouse|Narbonne|Nîmes|Cerbère,2
OCE4619,OCESN,,Toulouse|Latour-de-Carol,2
OCE384859,OCESN,,Clermont|Durtol|Volvic,2
OCE384857,OCESN,,Nevers|Moulins|St-Germain|Clermont,2
OCESN-87645002-87594002,OCESN,,Aurillac|Brive-la-Gaillarde,2
OCESN-87645002-87594572,OCESN,,Aurillac|St-Denis-près-Martel,2
OCESN-87594002-87645507,OCESN,,Brive-la-Gaillarde|Neussargues,2
OCE645562,OCESN,,Nîmes|Clermont,2
OCE649569,OCESN,,Dijon|Clermont,2
OCE156702,OCESN,,Clermont|Lyon,2
OCE8622,OCESN,,Marseille|Montpellier|Narbonne|Cerbere,2
OCE645673,OCESN,,Marseille|Nîmes|Montpellier|Narbonne,2
OCE652,OCESN,,Béziers|Neussargues,2
OCESN-87773002-87783241,OCESN,,Montpellier|St-Chély-d'Apcher,2
OCE705965,OCESN,,MARSEILLE|AVIGNON|ORANGE,2
OCE216736,OCESN,,CARPENTRAS|Avignon,2
OCESN-87318964-87751008,OCESN,,Avignon|Marseille,2
OCESN-87765008-87318964,OCESN,,Avignon-Centre|Avignon,2
OCESN-87765008-87751008,OCESN,,Avignon-Centre|Marseille,2
OCE204,OCESN,,Macon|Bourg-en-Bresse|Ambérieu,2
OCE67,OCESN,,Lyon|Chambéry|Modane,2
OCE64,OCESN,,Ambérieu|Chambéry,2
OCESN-87741009-87747006,OCESN,,Chambéry|Grenoble,2
OCE160696,OCESN,,SAG|Rives|Grenoble|Chambéry,2
OCE48,OCESN,,Annecy|Chambéry,2
OCE63,OCESN,,Annecy|St-Gervais,2
OCE70,OCESN,,Chambéry|St-Marcellin|Valence,2
OCESN-87747402-87761007,OCESN,,Grenoble|Valence,2
OCE645617,OCESN,,Grenoble|Gap|Braincon,2
OCE1634113,OCESN,,Grenoble|Veynes,2
OCESN-87741009-87723494,OCESN,,Chambéry|St-André-le-Gaz,2
OCESN-87747006-87723494,OCESN,,Grenoble|St-André-le-Gaz,2
OCESN-87747402-87723494,OCESN,,Grenoble|St-André-le-Gaz,2
OCESN-87741009-87747246,OCESN,,Chambéry|Rives,2
OCE160689,OCESN,,Macon|Valence|Pierrelatte,2
OCE160687,OCESN,,(Macon)|Lyon|Avignon,2
OCESN-87726729-87722025,OCESN,,Firminy|Lyon,2
OCESN-87726729-87726000,OCESN,,Firminy|St-Etienne-Châteaucreux,2
OCESN-87722025-87726000,OCESN,,Lyon|St-Etienne-Châteaucreux,2
OCESN-87722405-87722025,OCESN,,Givors|Lyon,2
OCE55,OCESN,,St-Claude|Oyonnax|Bourg|Lyon,2
OCESN-87743005-87743534,OCESN,,Bourg-en-Bresse|Oyonnax,2
OCESN-87722025-87743534,OCESN,,Lyon|Oyonnax,2
OCESN-87743005-87723197,OCESN,,Bourg-en-Bresse|Lyon-Part-Dieu,2
OCE201,OCESN,,Roanne|Lyon,2
OCE199,OCESN,,St-Etienne|Lyon|Ambérieu,2
OCESN-87723197-87726000,OCESN,,Lyon-Part-Dieu|St-Etienne-Châteaucreux,2
OCESN-87722405-87723197,OCESN,,Givors|Lyon-Part-Dieu,2
OCE156707,OCESN,,Firminy|St-Etienne|Lyon,2
OCESN-87743716-87723197,OCESN,,Ambérieu-en-Bugey|Lyon-Part-Dieu,2
OCESN-87743716-87726000,OCESN,,Ambérieu-en-Bugey|St-Etienne-Châteaucreux,2
OCESN-87743716-87722405,OCESN,,Ambérieu-en-Bugey|Givors,2
OCE202,OCESN,,Roanne|St-Etienne,2
OCE12627,OCESN,,Villefranche|Lyon|Vienne,2
OCE160695,OCESN,,Lyon|St-André-le-Gaz|Gières,2
OCE1610111,OCESN,,Romans|Valence-Die,2
OCE56,OCESN,,Lyon|Bourg-en-Bresse,2
OCE203,OCESN,,Montbrison|St-Etienne,2
OCE156708,OCESN,,Le-Puy|Lyon,2
OCE237,OCESN,,Lyon|Sain-Bel,0
OCE238,OCESN,,Lyon|Lozanne,0
OCE239,OCESN,,Lyon|Brignais,0
OCE873850,OCESN,,Laroche|Dijon,2
OCE725921,OCESN,,Dijon|Chalon|Mâcon,2
OCE725928,OCESN,,Etang|Autun,2
OCESN-87713040-87696005,OCESN,,Dijon|Nevers,2
OCESN-87713040-87694307,OCESN,,Dijon|Montchanin,2
OCESN-87713040-87694000,OCESN,,Dijon|Le Creusot,2
OCE717917,OCESN,,Chalon|Montchanin|Paray,2
OCESN-87694570-87713040,OCESN,,Autun|Dijon,2
OCE725927,OCESN,,Autun|Nevers,2
OCESN-87694570-87696005,OCESN,,Autun|Nevers,2
OCE1109941,OCESN,,Decize|Nevers|Moulins,2
OCE1425993,OCESN,,Belfort|Besançon,2
OCESN-87300863-87718007,OCESN,,Besançon-Franche-Comté|Besançon-Viotte,2
OCESN-87718007-87743005,OCESN,,Besançon-Viotte|Bourg-en-Bresse,2
OCESN-87718007-87723197,OCESN,,Besançon-Viotte|Lyon-Part-Dieu,2
OCESN-87723197-87718833,OCESN,,Lyon-Part-Dieu|Mouchard,2
OCESN-87718007-87722025,OCESN,,Besançon-Viotte|Lyon,2
OCESN-87722025-87718833,OCESN,,Lyon|Mouchard,2
OCESN-87718239-87722025,OCESN,,Lons-le-Saunier|Lyon,2
OCESN-87184002-87722025,OCESN,,Belfort|Lyon,2
OCESN-87184002-87743005,OCESN,,Belfort|Bourg-en-Bresse,2
OCESN-87184002-87723197,OCESN,,Belfort|Lyon-Part-Dieu,2
OCESN-87718239-87718833,OCESN,,Lons-le-Saunier|Mouchard,2
OCESN-87184002-87718239,OCESN,,Belfort|Lons-le-Saunier,2
OCESN-87718007-87718833,OCESN,,Besançon-Viotte|Mouchard,2
OCESN-87718007-87718239,OCESN,,Besançon-Viotte|Lons-le-Saunier,2
OCESN-87743005-87718833,OCESN,,Bourg-en-Bresse|Mouchard,2
OCEZW-87576025-87576215,OCESN,,Romorantin-Blanc-Argent|Valençay,2
OCEZW-87576025-87543165,OCESN,,Romorantin-Blanc-Argent|Salbris,2
OCEZW-87543165-87576215,OCESN,,Salbris|Valençay,2
OCESN-87471607-87471003,OCESN,,Fougères|Rennes,7
